Name,Report
"Auzina, Dita",[Report (PDF)](reports/atRium_report_Auzina.pdf)
"Bekesi, Anna",[Report (PDF)](reports/atRium_report_Bekesi.pdf)
"Cocozza, Carlo",[Report (PDF)](reports/atRium_report_Cocozza.pdf)
"Danthine, Brigit",*To be submitted.*
"Davidson, Lesley",[Report (PDF)](reports/atRium_report_Davidson.pdf)
"Depaermentier, Margaux",[Report (PDF)](reports/atRium_report_Depaermentier.pdf)
"Desarbre, Romane",[Report (PDF)](reports/atRium_report_Desarbre.pdf)
"Garland, Nicky",[Report (PDF)](reports/atRium_report_Garland.pdf)
"Hsu, Yiu-Kang",[Report (PDF)](reports/atRium_report_Hsu.pdf)
"Kaplanis, Panagiotis",[Report (PDF)](reports/atRium_report_Kaplanis.pdf)
"Kravtsova, Valeriia",[Report (PDF)](reports/atRium_report_Kravtsova.pdf)
"Krubeck, Sara",[Report (PDF)](reports/atRium_report_Krubeck.pdf)
"Lobanova, Mariia",[Report (PDF)](reports/atRium_report_Lobanova.pdf)
"Myint, Swe Zin",[Report (PDF)](reports/atRium_report_Myint.pdf)
"Ocampo, Juan Carlos",[Report (PDF)](reports/atRium_report_Ocampo.pdf)
"Petrarulo, Ilenia",[Report (PDF)](reports/atRium_report_Petrarulo.pdf)
"Quatrelivre, Carole",[Report (PDF)](reports/atRium_report_Quatrelivre.pdf)
"Radinovic, Mihailo",[Report (PDF)](reports/atRium_report_Radinovic.pdf)
"Wilkinson, Alexander",[Report (PDF)](reports/atRium_report_Wilkinson.pdf)
